[
	{
		"id": 1,
		"priority": 1,
		"action": {
			"type": "modifyHeaders",
			"requestHeaders": [
				{
					"operation": "set",
					"header": "user-agent",
					"value": "Mozilla/5.0 (Windows NT 10.0; Win64; x64; rv:125.0) Gecko/20100101 Firefox/125.0"
				}
			]
		},
		"condition": {
			"initiatorDomains": ["vulms.vu.edu.pk", "vu.edu.pk"],
			"resourceTypes": [
				"main_frame",
				"sub_frame",
				"stylesheet",
				"script",
				"image",
				"font",
				"object",
				"xmlhttprequest",
				"ping",
				"csp_report",
				"media",
				"websocket",
				"webtransport",
				"webbundle",
				"other"
			]
		}
	},
	{
		"id": 3,
		"priority": 1,
		"action": {
			"type": "modifyHeaders",
			"requestHeaders": [
				{
					"header": "Origin",
					"operation": "set",
					"value": "https://vulms.vu.edu.pk"
				},
				{
					"header": "Referer",
					"operation": "set",
					"value": "https://vulms.vu.edu.pk"
				}
			]
		},
		"condition": {
			"urlFilter": "https://vulms.vu.edu.pk/Profile/StudentProfile.aspx"
		}
	}
]
